passenger_class,sex,age,fare,cabin_letter,survived
lower_class,male,young_adult,under_10,U,no
upper_class,female,adult,50_to_75,C,yes
lower_class,female,young_adult,under_10,U,yes
upper_class,female,adult,50_to_75,C,yes
lower_class,male,adult,under_10,U,no
lower_class,male,unknown,under_10,U,no
upper_class,male,old,50_to_75,E,no
lower_class,male,small_child,20_to_30,U,no
lower_class,female,young_adult,10_to_20,U,yes
middle_class,female,teenager,30_to_50,U,yes
lower_class,female,small_child,10_to_20,G,yes
upper_class,female,old,20_to_30,C,yes
lower_class,male,teenager,under_10,U,no
lower_class,male,adult,30_to_50,U,no
lower_class,female,teenager,under_10,U,no
middle_class,female,old,10_to_20,U,yes
lower_class,male,small_child,20_to_30,U,no
middle_class,male,unknown,10_to_20,U,yes
lower_class,female,adult,10_to_20,U,no
lower_class,female,unknown,under_10,U,yes
middle_class,male,adult,20_to_30,U,no
middle_class,male,adult,10_to_20,D,yes
lower_class,female,teenager,under_10,U,yes
upper_class,male,young_adult,30_to_50,A,yes
lower_class,female,child,20_to_30,U,no
lower_class,female,adult,30_to_50,U,yes
lower_class,male,unknown,under_10,U,no
upper_class,male,teenager,over_100,C,no
lower_class,female,unknown,under_10,U,yes
lower_class,male,unknown,under_10,U,no
upper_class,male,adult,20_to_30,U,no
upper_class,female,unknown,over_100,B,yes
lower_class,female,unknown,under_10,U,yes
middle_class,male,old,10_to_20,U,no
upper_class,male,young_adult,75_to_100,U,no
upper_class,male,adult,50_to_75,U,no
lower_class,male,unknown,under_10,U,yes
lower_class,male,young_adult,under_10,U,no
lower_class,female,teenager,10_to_20,U,no
lower_class,female,teenager,10_to_20,U,yes
lower_class,female,adult,under_10,U,no
middle_class,female,young_adult,20_to_30,U,no
lower_class,male,unknown,under_10,U,no
middle_class,female,small_child,30_to_50,U,yes
lower_class,female,teenager,under_10,U,yes
lower_class,male,unknown,under_10,U,no
lower_class,male,unknown,10_to_20,U,no
lower_class,female,unknown,under_10,U,yes
lower_class,male,unknown,20_to_30,U,no
lower_class,female,teenager,10_to_20,U,no
lower_class,male,child,30_to_50,U,no
lower_class,male,young_adult,under_10,U,no
upper_class,female,adult,75_to_100,D,yes
middle_class,female,young_adult,20_to_30,U,yes
upper_class,male,old,50_to_75,B,no
upper_class,male,unknown,30_to_50,C,yes
middle_class,female,young_adult,10_to_20,U,yes
lower_class,male,young_adult,under_10,U,no
middle_class,female,small_child,20_to_30,U,yes
lower_class,male,child,30_to_50,U,no
lower_class,male,young_adult,under_10,U,no
upper_class,female,adult,75_to_100,B,yes
upper_class,male,adult,75_to_100,C,no
lower_class,male,small_child,20_to_30,U,no
upper_class,male,unknown,20_to_30,U,no
lower_class,male,unknown,10_to_20,U,yes
middle_class,female,young_adult,10_to_20,F,yes
lower_class,male,teenager,under_10,U,no
lower_class,female,teenager,under_10,U,yes
lower_class,male,young_adult,under_10,U,no
middle_class,male,adult,10_to_20,U,no
lower_class,female,teenager,30_to_50,U,no
middle_class,male,young_adult,50_to_75,U,no
lower_class,male,young_adult,10_to_20,U,no
lower_class,male,adult,50_to_75,U,yes
lower_class,male,young_adult,under_10,F,no
lower_class,male,unknown,under_10,U,no
lower_class,male,unknown,under_10,U,no
middle_class,male,infant,20_to_30,U,yes
lower_class,female,young_adult,10_to_20,U,yes
lower_class,male,young_adult,under_10,U,no
lower_class,male,young_adult,under_10,U,yes
lower_class,female,unknown,under_10,U,yes
upper_class,male,young_adult,30_to_50,U,no
middle_class,female,teenager,10_to_20,U,yes
lower_class,female,adult,10_to_20,U,yes
lower_class,male,teenager,30_to_50,U,no
lower_class,male,unknown,under_10,U,no
upper_class,female,young_adult,over_100,C,yes
lower_class,male,young_adult,under_10,U,no
lower_class,male,young_adult,under_10,U,no
lower_class,male,teenager,under_10,U,no
upper_class,male,adult,50_to_75,E,no
lower_class,male,young_adult,20_to_30,U,no
lower_class,male,old,under_10,U,no
lower_class,male,unknown,under_10,U,no
upper_class,male,old,30_to_50,A,no
upper_class,male,young_adult,50_to_75,D,yes
middle_class,female,adult,20_to_30,U,yes
middle_class,male,adult,20_to_30,U,no
lower_class,female,young_adult,under_10,U,no
lower_class,male,unknown,under_10,U,no
upper_class,male,young_adult,75_to_100,D,no
lower_class,male,adult,under_10,U,no
lower_class,male,adult,under_10,U,no
lower_class,male,young_adult,under_10,U,no
lower_class,female,young_adult,under_10,U,yes
lower_class,male,unknown,under_10,U,yes
lower_class,male,adult,under_10,U,no
lower_class,female,unknown,20_to_30,U,yes
upper_class,male,adult,50_to_75,C,no
lower_class,female,teenager,10_to_20,U,no
lower_class,male,young_adult,under_10,U,no
lower_class,female,teenager,under_10,U,no
lower_class,female,teenager,10_to_20,U,no
lower_class,male,young_adult,under_10,U,no
lower_class,male,old,under_10,U,no
middle_class,male,young_adult,20_to_30,U,no
upper_class,male,young_adult,over_100,B,no
lower_class,female,small_child,30_to_50,U,no
middle_class,male,young_adult,50_to_75,U,no
lower_class,male,unknown,under_10,U,no
middle_class,male,adult,30_to_50,U,no
middle_class,female,adult,10_to_20,E,yes
upper_class,male,old,75_to_100,D,no
lower_class,male,child,10_to_20,U,yes
lower_class,male,unknown,under_10,U,no
lower_class,male,young_adult,under_10,U,yes
lower_class,female,unknown,20_to_30,F,yes
lower_class,male,adult,under_10,U,no
lower_class,male,adult,under_10,U,no
lower_class,male,teenager,under_10,U,no
lower_class,female,adult,10_to_20,U,no
middle_class,female,young_adult,20_to_30,U,yes
middle_class,male,young_adult,10_to_20,U,no
middle_class,male,young_adult,10_to_20,U,no
upper_class,female,teenager,20_to_30,D,yes
upper_class,male,adult,50_to_75,C,no
lower_class,male,teenager,under_10,U,no
upper_class,male,young_adult,75_to_100,B,no
lower_class,female,unknown,10_to_20,U,no
lower_class,female,young_adult,under_10,U,yes
lower_class,female,young_adult,10_to_20,U,yes
lower_class,male,teenager,under_10,U,no
middle_class,male,teenager,10_to_20,U,no
middle_class,male,teenager,30_to_50,U,no
lower_class,male,young_adult,under_10,U,yes
lower_class,female,child,30_to_50,U,no
middle_class,male,adult,20_to_30,F,no
middle_class,male,adult,10_to_20,U,no
middle_class,male,old,10_to_20,U,no
upper_class,female,young_adult,50_to_75,C,yes
lower_class,male,old,under_10,U,no
lower_class,male,adult,10_to_20,U,no
lower_class,male,unknown,under_10,U,no
upper_class,male,old,50_to_75,U,no
lower_class,female,teenager,under_10,U,yes
lower_class,male,young_adult,under_10,U,no
lower_class,male,unknown,under_10,U,no
lower_class,male,unknown,50_to_75,U,no
lower_class,male,adult,10_to_20,U,no
middle_class,female,adult,10_to_20,U,yes
lower_class,male,young_adult,under_10,U,no
lower_class,male,teenager,under_10,U,no
lower_class,male,infant,30_to_50,U,no
lower_class,male,child,20_to_30,U,yes
upper_class,female,unknown,50_to_75,E,yes
lower_class,female,adult,20_to_30,U,no
upper_class,male,unknown,20_to_30,U,no
lower_class,male,young_adult,50_to_75,U,no
upper_class,male,old,30_to_50,B,no
lower_class,male,small_child,20_to_30,U,no
lower_class,female,infant,10_to_20,U,yes
lower_class,male,young_adult,under_10,U,no
upper_class,male,old,30_to_50,A,no
lower_class,male,teenager,under_10,U,no
lower_class,male,unknown,20_to_30,U,no
upper_class,female,adult,20_to_30,C,no
middle_class,male,young_adult,10_to_20,U,no
lower_class,male,adult,under_10,U,no
lower_class,female,unknown,50_to_75,U,no
middle_class,male,unknown,10_to_20,U,no
lower_class,male,child,30_to_50,U,no
middle_class,male,infant,30_to_50,F,yes
lower_class,female,small_child,20_to_30,U,yes
upper_class,male,unknown,30_to_50,A,no
lower_class,female,unknown,10_to_20,U,yes
upper_class,male,adult,20_to_30,U,yes
lower_class,male,adult,10_to_20,U,no
lower_class,male,adult,under_10,U,no
middle_class,female,adult,10_to_20,U,yes
middle_class,male,teenager,10_to_20,U,no
lower_class,female,teenager,under_10,U,yes
middle_class,male,small_child,20_to_30,F,yes
upper_class,female,adult,20_to_30,B,yes
upper_class,female,old,over_100,B,yes
lower_class,male,unknown,under_10,U,no
lower_class,male,adult,under_10,U,no
lower_class,female,unknown,under_10,U,yes
middle_class,female,young_adult,10_to_20,U,no
lower_class,male,young_adult,under_10,U,no
lower_class,male,unknown,50_to_75,U,no
lower_class,male,adult,under_10,U,no
lower_class,male,adult,under_10,U,no
lower_class,male,teenager,under_10,U,yes
lower_class,female,small_child,10_to_20,G,no
lower_class,male,adult,10_to_20,U,no
lower_class,male,young_adult,10_to_20,U,yes
lower_class,female,teenager,under_10,U,yes
upper_class,male,adult,30_to_50,A,yes
lower_class,male,young_adult,under_10,U,no
middle_class,female,adult,20_to_30,U,yes
lower_class,male,young_adult,under_10,U,no
middle_class,male,young_adult,10_to_20,U,no
lower_class,male,unknown,under_10,U,no
upper_class,female,adult,over_100,D,yes
lower_class,female,young_adult,under_10,U,yes
middle_class,male,adult,20_to_30,U,no
upper_class,female,adult,75_to_100,D,yes
middle_class,male,young_adult,10_to_20,U,no
lower_class,male,teenager,under_10,U,yes
middle_class,male,young_adult,10_to_20,U,no
lower_class,male,old,under_10,U,no
lower_class,male,unknown,under_10,U,no
upper_class,male,adult,75_to_100,C,yes
lower_class,male,young_adult,under_10,U,no
middle_class,male,teenager,10_to_20,U,yes
lower_class,male,young_adult,under_10,U,no
middle_class,male,teenager,10_to_20,U,no
lower_class,female,unknown,20_to_30,U,no
upper_class,female,adult,75_to_100,C,yes
lower_class,male,young_adult,under_10,U,no
middle_class,male,old,10_to_20,U,no
lower_class,female,small_child,30_to_50,U,yes
middle_class,male,young_adult,10_to_20,U,no
lower_class,female,unknown,under_10,U,no
middle_class,male,adult,20_to_30,U,no
middle_class,female,child,20_to_30,U,yes
middle_class,male,teenager,10_to_20,U,no
middle_class,male,adult,10_to_20,U,no
lower_class,female,unknown,10_to_20,U,no
lower_class,female,unknown,10_to_20,U,yes
middle_class,male,young_adult,10_to_20,U,no
lower_class,male,young_adult,under_10,U,no
lower_class,male,young_adult,under_10,U,no
upper_class,male,adult,75_to_100,C,no
lower_class,female,young_adult,under_10,U,no
middle_class,female,young_adult,10_to_20,U,yes
upper_class,male,adult,50_to_75,D,yes
middle_class,male,old,20_to_30,U,no
lower_class,male,unknown,under_10,U,no
lower_class,female,young_adult,10_to_20,G,no
upper_class,male,old,20_to_30,C,no
lower_class,male,young_adult,10_to_20,U,no
lower_class,female,adult,20_to_30,U,no
lower_class,female,young_adult,10_to_20,U,yes
upper_class,female,unknown,75_to_100,U,yes
upper_class,female,young_adult,75_to_100,B,yes
upper_class,female,adult,over_100,U,yes
middle_class,female,adult,20_to_30,U,yes
lower_class,male,unknown,under_10,U,no
lower_class,male,small_child,30_to_50,U,yes
upper_class,male,old,75_to_100,E,no
upper_class,male,adult,under_10,B,no
lower_class,female,unknown,under_10,U,no
middle_class,male,adult,10_to_20,U,no
lower_class,male,teenager,30_to_50,U,no
lower_class,male,young_adult,under_10,U,yes
upper_class,female,old,over_100,C,yes
upper_class,female,adult,over_100,C,yes
upper_class,male,unknown,30_to_50,U,no
lower_class,male,young_adult,under_10,U,yes
middle_class,female,adult,10_to_20,U,yes
upper_class,male,adult,20_to_30,C,no
lower_class,female,unknown,under_10,U,yes
upper_class,female,old,75_to_100,D,yes
lower_class,female,adult,under_10,U,no
middle_class,male,unknown,under_10,U,no
lower_class,male,child,20_to_30,U,no
lower_class,female,adult,20_to_30,U,yes
lower_class,male,old,under_10,U,no
lower_class,male,young_adult,under_10,U,no
lower_class,male,teenager,under_10,U,no
lower_class,male,teenager,under_10,U,yes
upper_class,male,unknown,20_to_30,A,no
lower_class,male,adult,under_10,U,no
lower_class,male,young_adult,under_10,U,yes
lower_class,male,young_adult,under_10,U,no
middle_class,male,adult,10_to_20,U,yes
lower_class,female,young_adult,under_10,U,yes
upper_class,female,young_adult,75_to_100,U,yes
upper_class,female,teenager,75_to_100,B,yes
middle_class,male,adult,10_to_20,D,no
lower_class,female,young_adult,under_10,U,no
lower_class,male,young_adult,under_10,U,no
upper_class,male,unknown,20_to_30,U,no
lower_class,male,young_adult,under_10,U,no
upper_class,female,small_child,over_100,C,no
upper_class,male,unknown,30_to_50,C,yes
upper_class,female,adult,over_100,B,yes
lower_class,female,unknown,under_10,U,yes
lower_class,male,unknown,20_to_30,U,yes
lower_class,male,teenager,under_10,U,no
middle_class,female,unknown,10_to_20,E,yes
lower_class,male,unknown,under_10,U,no
upper_class,male,infant,over_100,C,yes
upper_class,female,unknown,over_100,U,yes
upper_class,female,teenager,over_100,C,yes
middle_class,male,young_adult,20_to_30,U,no
upper_class,female,young_adult,50_to_75,E,yes
upper_class,female,young_adult,75_to_100,C,yes
upper_class,female,teenager,over_100,B,yes
middle_class,female,young_adult,20_to_30,U,no
lower_class,male,young_adult,under_10,U,no
middle_class,male,adult,20_to_30,U,no
lower_class,female,young_adult,under_10,U,yes
middle_class,female,young_adult,20_to_30,U,yes
middle_class,male,old,10_to_20,U,no
upper_class,female,adult,over_100,C,yes
upper_class,female,adult,over_100,E,yes
lower_class,male,young_adult,under_10,U,no
lower_class,male,young_adult,under_10,U,no
middle_class,female,young_adult,10_to_20,U,yes
middle_class,female,young_adult,20_to_30,U,yes
lower_class,male,unknown,50_to_75,U,no
upper_class,female,adult,over_100,C,yes
lower_class,male,old,under_10,U,no
middle_class,female,adult,10_to_20,D,yes
lower_class,female,adult,20_to_30,U,yes
upper_class,female,teenager,50_to_75,B,yes
lower_class,female,unknown,20_to_30,U,yes
upper_class,male,adult,20_to_30,C,no
upper_class,male,adult,over_100,C,no
lower_class,male,teenager,10_to_20,U,no
upper_class,female,unknown,over_100,U,yes
lower_class,male,unknown,under_10,U,no
upper_class,male,young_adult,50_to_75,C,no
upper_class,female,adult,over_100,E,yes
lower_class,male,adult,under_10,U,yes
upper_class,male,adult,30_to_50,T,no
middle_class,male,small_child,20_to_30,F,yes
upper_class,female,young_adult,over_100,C,yes
middle_class,male,young_adult,10_to_20,U,no
middle_class,male,young_adult,10_to_20,U,no
middle_class,male,adult,10_to_20,U,no
middle_class,female,young_adult,10_to_20,F,yes
middle_class,female,adult,10_to_20,U,yes
lower_class,female,unknown,10_to_20,U,yes
lower_class,male,small_child,10_to_20,U,yes
lower_class,male,adult,under_10,U,no
lower_class,male,young_adult,under_10,U,no
upper_class,male,unknown,30_to_50,C,no
lower_class,male,teenager,under_10,U,no
lower_class,male,young_adult,10_to_20,U,no
lower_class,male,unknown,under_10,U,no
lower_class,male,young_adult,under_10,U,no
upper_class,female,young_adult,50_to_75,E,yes
middle_class,female,adult,10_to_20,U,no
lower_class,female,unknown,under_10,U,yes
lower_class,female,unknown,under_10,U,yes
lower_class,male,adult,20_to_30,U,no
middle_class,male,young_adult,20_to_30,U,no
lower_class,female,adult,10_to_20,U,no
lower_class,male,adult,under_10,U,no
lower_class,male,unknown,10_to_20,U,no
lower_class,male,young_adult,under_10,U,no
upper_class,female,old,75_to_100,D,yes
lower_class,female,unknown,under_10,U,yes
lower_class,female,unknown,under_10,U,yes
upper_class,female,young_adult,50_to_75,B,yes
upper_class,male,young_adult,50_to_75,E,yes
lower_class,male,teenager,under_10,U,no
lower_class,male,teenager,under_10,U,no
upper_class,male,young_adult,over_100,U,no
lower_class,female,small_child,20_to_30,U,no
upper_class,female,unknown,75_to_100,U,yes
lower_class,female,young_adult,under_10,U,yes
upper_class,male,young_adult,over_100,C,no
lower_class,male,teenager,under_10,U,no
lower_class,male,teenager,under_10,U,no
upper_class,female,adult,over_100,U,yes
lower_class,female,infant,10_to_20,U,yes
lower_class,male,adult,under_10,U,no
upper_class,female,adult,50_to_75,U,yes
lower_class,male,unknown,under_10,U,no
middle_class,male,teenager,50_to_75,U,no
lower_class,male,infant,30_to_50,U,no
middle_class,female,adult,10_to_20,U,yes
lower_class,male,unknown,under_10,U,no
middle_class,female,teenager,10_to_20,U,yes
upper_class,male,adult,over_100,B,yes
lower_class,male,young_adult,under_10,U,yes
lower_class,male,young_adult,under_10,U,no
upper_class,female,young_adult,over_100,D,yes
lower_class,female,young_adult,10_to_20,G,yes
lower_class,male,young_adult,under_10,U,no
lower_class,female,adult,under_10,U,no
middle_class,male,adult,20_to_30,U,no
middle_class,male,young_adult,10_to_20,U,no
middle_class,female,young_adult,10_to_20,U,yes
lower_class,male,adult,under_10,U,yes
lower_class,male,young_adult,under_10,U,no
lower_class,female,young_adult,under_10,U,no
lower_class,male,young_adult,10_to_20,U,no
lower_class,female,teenager,under_10,U,no
middle_class,male,adult,20_to_30,U,no
lower_class,male,old,under_10,U,no
middle_class,male,small_child,10_to_20,U,yes
lower_class,male,young_adult,under_10,U,no
lower_class,female,unknown,20_to_30,U,no
lower_class,male,unknown,under_10,U,no
lower_class,male,unknown,under_10,U,no
upper_class,female,adult,75_to_100,C,yes
middle_class,male,unknown,under_10,U,no
lower_class,male,adult,under_10,U,yes
lower_class,female,unknown,under_10,U,no
middle_class,female,adult,30_to_50,U,yes
middle_class,female,teenager,10_to_20,U,yes
middle_class,male,young_adult,10_to_20,U,no
lower_class,female,child,20_to_30,U,no
lower_class,male,unknown,under_10,U,no
lower_class,male,young_adult,under_10,U,no
lower_class,male,young_adult,under_10,U,no
lower_class,female,young_adult,10_to_20,U,no
lower_class,male,teenager,20_to_30,U,no
lower_class,male,unknown,under_10,U,no
middle_class,female,young_adult,20_to_30,U,yes
middle_class,female,teenager,20_to_30,U,yes
lower_class,male,unknown,under_10,U,no
lower_class,male,adult,under_10,E,yes
upper_class,male,young_adult,20_to_30,C,yes
lower_class,female,unknown,10_to_20,U,yes
middle_class,female,adult,20_to_30,U,yes
lower_class,male,teenager,under_10,U,no
upper_class,male,adult,50_to_75,E,no
upper_class,female,teenager,over_100,B,yes
lower_class,female,young_adult,30_to_50,U,no
middle_class,female,young_adult,10_to_20,U,yes
upper_class,male,old,over_100,C,no
middle_class,male,adult,10_to_20,U,no
middle_class,female,adult,20_to_30,U,yes
lower_class,male,teenager,under_10,U,no
lower_class,male,young_adult,under_10,U,no
middle_class,female,young_adult,10_to_20,U,yes
lower_class,male,unknown,under_10,U,yes
upper_class,male,small_child,75_to_100,A,yes
middle_class,female,teenager,10_to_20,U,yes
upper_class,male,adult,20_to_30,U,yes
lower_class,female,small_child,10_to_20,U,yes
upper_class,male,old,30_to_50,C,yes
middle_class,male,adult,20_to_30,U,no
lower_class,male,unknown,10_to_20,U,no
upper_class,male,young_adult,20_to_30,C,no
upper_class,male,adult,75_to_100,C,yes
lower_class,male,unknown,under_10,U,no
lower_class,male,young_adult,under_10,U,yes
upper_class,male,old,20_to_30,E,no
upper_class,female,unknown,50_to_75,D,yes
middle_class,female,adult,10_to_20,U,yes
lower_class,male,unknown,under_10,U,no
upper_class,male,adult,20_to_30,E,yes
lower_class,male,adult,under_10,U,no
upper_class,male,adult,30_to_50,E,no
middle_class,male,adult,10_to_20,U,no
lower_class,male,unknown,under_10,U,no
lower_class,male,adult,under_10,U,no
middle_class,male,unknown,under_10,U,no
upper_class,male,old,20_to_30,U,no
lower_class,male,unknown,under_10,U,no
lower_class,female,infant,10_to_20,U,yes
lower_class,male,unknown,under_10,U,no
lower_class,male,adult,under_10,U,no
middle_class,female,adult,20_to_30,U,yes
middle_class,female,young_adult,10_to_20,D,yes
lower_class,female,young_adult,under_10,U,no
upper_class,male,unknown,50_to_75,A,no
middle_class,male,adult,20_to_30,U,no
lower_class,male,young_adult,under_10,U,no
lower_class,male,young_adult,under_10,U,no
lower_class,female,small_child,10_to_20,U,yes
lower_class,male,child,30_to_50,U,no
middle_class,male,unknown,under_10,U,no
lower_class,male,adult,under_10,U,no
lower_class,female,old,under_10,U,yes
upper_class,male,young_adult,75_to_100,B,yes
lower_class,female,unknown,20_to_30,U,no
upper_class,female,adult,75_to_100,C,yes
upper_class,male,old,20_to_30,B,no
lower_class,male,young_adult,under_10,U,no
lower_class,male,child,10_to_20,U,yes
lower_class,male,unknown,10_to_20,U,no
lower_class,male,young_adult,under_10,U,no
upper_class,male,old,30_to_50,C,no
upper_class,male,old,30_to_50,U,no
lower_class,male,young_adult,under_10,U,no
lower_class,male,unknown,10_to_20,U,no
upper_class,female,old,75_to_100,D,yes
lower_class,male,unknown,10_to_20,U,no
upper_class,female,young_adult,over_100,C,no
lower_class,male,young_adult,under_10,U,no
lower_class,male,teenager,under_10,U,no
lower_class,female,young_adult,under_10,U,no
lower_class,female,unknown,under_10,U,no
lower_class,female,adult,under_10,U,no
upper_class,female,teenager,75_to_100,B,yes
upper_class,male,teenager,over_100,C,no
middle_class,female,adult,20_to_30,U,yes
upper_class,male,unknown,20_to_30,U,yes
lower_class,male,young_adult,20_to_30,U,no
lower_class,male,young_adult,50_to_75,U,yes
lower_class,male,young_adult,under_10,U,yes
lower_class,male,unknown,under_10,U,no
upper_class,male,adult,20_to_30,E,yes
upper_class,female,old,50_to_75,U,yes
lower_class,male,young_adult,under_10,U,no
upper_class,male,adult,30_to_50,D,no
middle_class,female,adult,10_to_20,F,yes
lower_class,male,unknown,20_to_30,U,no
middle_class,female,adult,20_to_30,U,yes
lower_class,male,adult,under_10,U,no
upper_class,female,young_adult,75_to_100,B,yes
lower_class,male,young_adult,under_10,U,no
lower_class,male,unknown,under_10,U,no
upper_class,female,adult,50_to_75,B,yes
lower_class,male,unknown,under_10,U,no
lower_class,male,adult,under_10,U,no
middle_class,female,adult,10_to_20,U,yes
upper_class,male,unknown,over_100,C,no
lower_class,male,adult,under_10,U,no
middle_class,male,young_adult,10_to_20,U,no
middle_class,female,small_child,20_to_30,U,yes
lower_class,male,unknown,under_10,U,no
lower_class,male,teenager,under_10,U,no
lower_class,female,unknown,20_to_30,U,yes
lower_class,female,young_adult,under_10,U,no
middle_class,female,child,20_to_30,U,yes
upper_class,male,adult,20_to_30,B,no
upper_class,female,young_adult,over_100,U,yes
lower_class,male,unknown,10_to_20,U,no
upper_class,female,young_adult,30_to_50,B,yes
upper_class,female,adult,50_to_75,B,yes
lower_class,female,child,30_to_50,U,no
lower_class,female,child,30_to_50,U,no
middle_class,male,adult,20_to_30,U,yes
upper_class,male,adult,over_100,C,no
upper_class,male,old,20_to_30,U,no
middle_class,female,teenager,20_to_30,U,yes
middle_class,male,unknown,10_to_20,U,yes
lower_class,male,adult,20_to_30,U,no
middle_class,male,child,30_to_50,U,yes
upper_class,male,teenager,over_100,C,yes
middle_class,male,young_adult,20_to_30,U,no
lower_class,male,unknown,under_10,U,no
lower_class,male,young_adult,under_10,U,yes
lower_class,female,young_adult,under_10,U,yes
upper_class,male,old,20_to_30,U,no
upper_class,female,adult,30_to_50,A,yes
upper_class,male,unknown,over_100,U,no
upper_class,female,adult,75_to_100,E,yes
lower_class,female,adult,10_to_20,U,yes
lower_class,male,unknown,under_10,U,no
lower_class,male,adult,under_10,U,no
middle_class,male,young_adult,10_to_20,U,no
lower_class,male,unknown,under_10,U,no
lower_class,female,unknown,under_10,U,no
lower_class,male,young_adult,20_to_30,U,no
lower_class,male,teenager,under_10,U,no
lower_class,female,young_adult,20_to_30,U,no
lower_class,male,unknown,under_10,U,no
lower_class,male,adult,under_10,U,yes
middle_class,male,old,10_to_20,U,yes
upper_class,female,old,50_to_75,C,yes
upper_class,male,adult,20_to_30,E,yes
lower_class,female,unknown,under_10,U,yes
lower_class,male,teenager,under_10,U,no
lower_class,male,teenager,10_to_20,U,no
middle_class,female,adult,10_to_20,U,yes
upper_class,female,adult,50_to_75,E,yes
lower_class,female,unknown,10_to_20,U,no
lower_class,male,adult,under_10,U,yes
middle_class,female,young_adult,20_to_30,U,yes
upper_class,female,adult,over_100,C,yes
middle_class,male,old,20_to_30,U,no
upper_class,male,adult,30_to_50,A,no
lower_class,male,unknown,under_10,U,no
upper_class,female,teenager,75_to_100,E,yes
middle_class,male,adult,10_to_20,U,no
upper_class,male,old,75_to_100,B,yes
lower_class,male,young_adult,under_10,U,no
lower_class,male,unknown,under_10,U,no
lower_class,male,adult,under_10,U,no
upper_class,female,old,75_to_100,D,yes
lower_class,male,adult,under_10,U,no
lower_class,female,unknown,under_10,U,no
middle_class,male,adult,20_to_30,U,no
lower_class,male,adult,20_to_30,U,no
middle_class,female,unknown,30_to_50,U,yes
lower_class,male,adult,under_10,U,no
lower_class,male,unknown,under_10,U,no
upper_class,male,adult,50_to_75,A,yes
middle_class,female,young_adult,20_to_30,U,yes
lower_class,male,unknown,under_10,U,no
upper_class,male,unknown,30_to_50,U,no
lower_class,male,adult,under_10,U,no
upper_class,male,adult,20_to_30,U,yes
lower_class,male,adult,10_to_20,U,no
lower_class,male,young_adult,under_10,U,no
upper_class,male,young_adult,30_to_50,U,yes
middle_class,female,young_adult,30_to_50,U,yes
upper_class,female,adult,over_100,C,yes
lower_class,female,adult,30_to_50,U,no
lower_class,male,unknown,under_10,U,no
lower_class,female,unknown,10_to_20,U,yes
lower_class,male,unknown,under_10,U,no
lower_class,male,adult,under_10,U,no
middle_class,female,young_adult,50_to_75,U,yes
lower_class,male,adult,10_to_20,U,no
lower_class,female,young_adult,10_to_20,U,no
middle_class,female,small_child,30_to_50,F,yes
middle_class,male,young_adult,10_to_20,U,no
lower_class,male,young_adult,10_to_20,U,no
upper_class,male,adult,50_to_75,D,yes
lower_class,male,teenager,10_to_20,U,yes
lower_class,male,young_adult,under_10,U,no
lower_class,male,young_adult,10_to_20,U,no
upper_class,male,old,30_to_50,D,no
middle_class,male,old,10_to_20,U,no
upper_class,female,young_adult,75_to_100,D,yes
lower_class,male,young_adult,under_10,U,no
lower_class,male,unknown,under_10,U,no
upper_class,male,old,20_to_30,A,yes
lower_class,male,old,under_10,U,no
upper_class,male,adult,30_to_50,B,yes
upper_class,male,unknown,under_10,U,no
lower_class,female,child,20_to_30,U,no
middle_class,female,young_adult,10_to_20,U,yes
lower_class,male,adult,under_10,U,no
middle_class,male,adult,20_to_30,U,no
lower_class,female,adult,30_to_50,U,no
lower_class,male,unknown,10_to_20,U,no
lower_class,male,teenager,under_10,U,no
upper_class,female,young_adult,50_to_75,B,yes
lower_class,female,small_child,20_to_30,U,no
lower_class,male,unknown,50_to_75,U,yes
lower_class,female,infant,10_to_20,U,yes
upper_class,male,adult,75_to_100,D,yes
lower_class,male,teenager,under_10,U,no
upper_class,male,old,30_to_50,A,yes
lower_class,male,unknown,under_10,U,no
lower_class,female,young_adult,under_10,U,yes
lower_class,male,unknown,under_10,U,no
middle_class,female,teenager,20_to_30,U,yes
lower_class,male,young_adult,under_10,U,no
lower_class,female,unknown,under_10,U,yes
lower_class,female,teenager,under_10,U,no
middle_class,male,young_adult,50_to_75,U,no
lower_class,male,unknown,under_10,U,no
lower_class,female,adult,10_to_20,U,no
middle_class,male,young_adult,10_to_20,U,no
upper_class,male,old,over_100,D,no
upper_class,male,adult,over_100,U,yes
lower_class,male,adult,under_10,U,no
upper_class,male,adult,20_to_30,E,no
lower_class,male,adult,under_10,U,no
lower_class,male,teenager,under_10,U,yes
middle_class,male,adult,50_to_75,U,no
middle_class,male,young_adult,10_to_20,U,no
lower_class,male,unknown,under_10,U,no
lower_class,male,adult,under_10,U,no
upper_class,female,unknown,50_to_75,C,yes
middle_class,female,adult,30_to_50,U,yes
upper_class,male,adult,50_to_75,B,no
middle_class,male,old,10_to_20,U,no
middle_class,male,adult,10_to_20,U,yes
middle_class,male,unknown,under_10,U,no
lower_class,male,teenager,under_10,U,no
lower_class,male,young_adult,under_10,U,no
lower_class,female,teenager,under_10,U,yes
lower_class,female,adult,30_to_50,U,no
upper_class,male,adult,over_100,B,yes
lower_class,female,unknown,under_10,U,no
upper_class,male,young_adult,75_to_100,D,yes
lower_class,male,teenager,under_10,U,no
lower_class,male,teenager,30_to_50,U,no
middle_class,male,old,30_to_50,U,no
middle_class,male,young_adult,30_to_50,U,no
lower_class,male,teenager,30_to_50,U,no
lower_class,male,teenager,10_to_20,U,no
lower_class,male,teenager,under_10,U,no
upper_class,female,teenager,over_100,B,yes
upper_class,male,adult,50_to_75,B,yes
lower_class,female,small_child,10_to_20,U,yes
lower_class,male,unknown,50_to_75,U,yes
lower_class,male,young_adult,under_10,U,no
upper_class,male,old,20_to_30,U,no
middle_class,male,old,10_to_20,U,no
lower_class,male,adult,under_10,U,no
lower_class,female,unknown,under_10,U,yes
upper_class,male,adult,over_100,C,no
lower_class,male,adult,under_10,F,no
